{"cameraMode":{"drawMode":0,"name":"Shaded","section":"Shading Mode"},"sceneLighting":true,"audioPlay":false,"sceneViewState":{"m_AlwaysRefresh":false,"showFog":true,"showSkybox":true,"showFlares":true,"showImageEffects":true,"showParticleSystems":true,"showVisualEffectGraphs":true,"m_FxEnabled":true},"in2DMode":false,"pivot":{"x":23.306737899780275,"y":44.91062927246094,"z":4.146762847900391},"rotation":{"x":-0.6102654933929443,"y":-0.002376619493588805,"z":-0.0018308472353965045,"w":0.7921921014785767},"size":46.68327713012695,"orthographic":false}